Id,Title,Body,User_Id
1,sunt aut facere repellat provident occaecati excepturi optio reprehenderit,"quia et suscipit
suscipit recusandae consequuntur ",1
2,qui est esse,"est rerum tempore vitae
sequi sint nihil reprehend",1
3,ea molestias quasi exercitationem repellat qui ipsa sit aut,"et iusto sed quo iure
voluptatem occaecati omnis e",1
4,eum et est occaecati,"ullam et saepe reiciendis voluptatem adipisci
sit ",1
5,nesciunt quas odio,"repudiandae veniam quaerat sunt sed
alias aut fugi",1
6,dolorem eum magni eos aperiam quia,ut aspernatur corporis harum nihil quis provident ,1
7,magnam facilis autem,"dolore placeat quibusdam ea quo vitae
magni quis e",1
8,dolorem dolore est ipsam,"dignissimos aperiam dolorem qui eum
facilis quibus",1
9,nesciunt iure omnis dolorem tempora et accusantium,"consectetur animi nesciunt iure dolore
enim quia a",1
10,optio molestias id quia eum,"quo et expedita modi cum officia vel magni
dolorib",1
11,et ea vero quia laudantium autem,delectus reiciendis molestiae occaecati non minima,2
12,in quibusdam tempore odit est dolorem,"itaque id aut magnam
praesentium quia et ea odit e",2
13,dolorum ut in voluptas mollitia et saepe quo animi,aut dicta possimus sint mollitia voluptas commodi ,2
14,voluptatem eligendi optio,fuga et accusamus dolorum perferendis illo volupta,2
15,eveniet quod temporibus,"reprehenderit quos placeat
velit minima officia do",2
16,sint suscipit perspiciatis velit dolorum rerum ipsa laboriosam odio,"suscipit nam nisi quo aperiam aut
asperiores eos f",2
17,fugit voluptas sed molestias voluptatem provident,"eos voluptas et aut odit natus earum
aspernatur fu",2
18,voluptate et itaque vero tempora molestiae,"eveniet quo quis
laborum totam consequatur non dol",2
19,adipisci placeat illum aut reiciendis qui,"illum quis cupiditate provident sit magnam
ea sed ",2
20,doloribus ad provident suscipit at,qui consequuntur ducimus possimus quisquam amet si,2
21,asperiores ea ipsam voluptatibus modi minima quia sint,"repellat aliquid praesentium dolorem quo
sed totam",3
22,dolor sint quo a velit explicabo quia nam,"eos qui et ipsum ipsam suscipit aut
sed omnis non ",3
23,maxime id vitae nihil numquam,"veritatis unde neque eligendi
quae quod architecto",3
24,autem hic labore sunt dolores incidunt,"enim et ex nulla
omnis voluptas quia qui
voluptate",3
25,rem alias distinctio quo quis,"ullam consequatur ut
omnis quis sit vel consequunt",3
26,est et quae odit qui non,"similique esse doloribus nihil accusamus
omnis dol",3
27,quasi id et eos tenetur aut quo autem,eum sed dolores ipsam sint possimus debitis occaec,3
28,delectus ullam et corporis nulla voluptas sequi,"non et quaerat ex quae ad maiores
maiores recusand",3
29,iusto eius quod necessitatibus culpa ea,"odit magnam ut saepe sed non qui
tempora atque nih",3
30,a quo magni similique perferendis,"alias dolor cumque
impedit blanditiis non eveniet ",3
31,ullam ut quidem id aut vel consequuntur,debitis eius sed quibusdam non quis consectetur vi,4
32,doloremque illum aliquid sunt,"deserunt eos nobis asperiores et hic
est debitis r",4
33,qui explicabo molestiae dolorem,"rerum ut et numquam laborum odit est sit
id qui si",4
34,magnam ut rerum iure,ea velit perferendis earum ut voluptatem voluptate,4
35,id nihil consequatur molestias animi provident,"nisi error delectus possimus ut eligendi vitae
pla",4
36,fuga nam accusamus voluptas reiciendis itaque,"ad mollitia et omnis minus architecto odit
volupta",4
37,provident vel ut sit ratione est,debitis et eaque non officia sed nesciunt pariatur,4
38,explicabo et eos deleniti nostrum ab id repellendus,animi esse sit aut sit nesciunt assumenda eum volu,4
39,eos dolorem iste accusantium est eaque quam,"corporis rerum ducimus vel eum accusantium
maxime ",4
40,enim quo cumque,ut voluptatum aliquid illo tenetur nemo sequi quo ,4
41,non est facere,"molestias id nostrum
excepturi molestiae dolore om",5
42,commodi ullam sint et excepturi error explicabo praesentium voluptas,odio fugit voluptatum ducimus earum autem est inci,5
43,eligendi iste nostrum consequuntur adipisci praesentium sit beatae perferendis,"similique fugit est
illum et dolorum harum et volu",5
44,optio dolor molestias sit,"temporibus est consectetur dolore
et libero debiti",5
45,ut numquam possimus omnis eius suscipit laudantium iure,"est natus reiciendis nihil possimus aut provident
",5
46,aut quo modi neque nostrum ducimus,"voluptatem quisquam iste
voluptatibus natus offici",5
47,quibusdam cumque rem aut deserunt,voluptatem assumenda ut qui ut cupiditate aut impe,5
48,ut voluptatem illum ea doloribus itaque eos,"voluptates quo voluptatem facilis iure occaecati
v",5
49,laborum non sunt aut ut assumenda perspiciatis voluptas,"inventore ab sint
natus fugit id nulla sequi archi",5
50,repellendus qui recusandae incidunt voluptates tenetur qui omnis exercitationem,error suscipit maxime adipisci consequuntur recusa,5
51,soluta aliquam aperiam consequatur illo quis voluptas,"sunt dolores aut doloribus
dolore doloribus volupt",6
52,qui enim et consequuntur quia animi quis voluptate quibusdam,"iusto est quibusdam fuga quas quaerat molestias
a ",6
53,ut quo aut ducimus alias,"minima harum praesentium eum rerum illo dolore
qua",6
54,sit asperiores ipsam eveniet odio non quia,"totam corporis dignissimos
vitae dolorem ut occaec",6
55,sit vel voluptatem et non libero,debitis excepturi ea perferendis harum libero opti,6
56,qui et at rerum necessitatibus,"aut est omnis dolores
neque rerum quod ea rerum ve",6
57,sed ab est est,"at pariatur consequuntur earum quidem
quo est laud",6
58,voluptatum itaque dolores nisi et quasi,"veniam voluptatum quae adipisci id
et id quia eos ",6
59,qui commodi dolor at maiores et quis id accusantium,perspiciatis et quam ea autem temporibus non volup,6
60,consequatur placeat omnis quisquam quia reprehenderit fugit veritatis facere,"asperiores sunt ab assumenda cumque modi velit
qui",6
61,voluptatem doloribus consectetur est ut ducimus,"ab nemo optio odio
delectus tenetur corporis simil",7
62,beatae enim quia vel,"enim aspernatur illo distinctio quae praesentium
b",7
63,voluptas blanditiis repellendus animi ducimus error sapiente et suscipit,"enim adipisci aspernatur nemo
numquam omnis facere",7
64,et fugit quas eum in in aperiam quod,"id velit blanditiis
eum ea voluptatem
molestiae si",7
65,consequatur id enim sunt et et,"voluptatibus ex esse
sint explicabo est aliquid cu",7
66,repudiandae ea animi iusto,"officia veritatis tenetur vero qui itaque
sint non",7
67,aliquid eos sed fuga est maxime repellendus,"reprehenderit id nostrum
voluptas doloremque paria",7
68,odio quis facere architecto reiciendis optio,"magnam molestiae perferendis quisquam
qui cum reic",7
69,fugiat quod pariatur odit minima,officiis error culpa consequatur modi asperiores e,7
70,voluptatem laborum magni,"sunt repellendus quae
est asperiores aut deleniti ",7
71,et iusto veniam et illum aut fuga,"occaecati a doloribus
iste saepe consectetur place",8
72,sint hic doloribus consequatur eos non id,"quam occaecati qui deleniti consectetur
consequatu",8
73,consequuntur deleniti eos quia temporibus ab aliquid at,voluptatem cumque tenetur consequatur expedita ips,8
74,enim unde ratione doloribus quas enim ut sit sapiente,"odit qui et et necessitatibus sint veniam
mollitia",8
75,dignissimos eum dolor ut enim et delectus in,"commodi non non omnis et voluptas sit
autem aut no",8
76,doloremque officiis ad et non perferendis,"ut animi facere
totam iusto tempore
molestiae eum ",8
77,necessitatibus quasi exercitationem odio,"modi ut in nulla repudiandae dolorum nostrum eos
a",8
78,quam voluptatibus rerum veritatis,"nobis facilis odit tempore cupiditate quia
assumen",8
79,pariatur consequatur quia magnam autem omnis non amet,libero accusantium et et facere incidunt sit dolor,8
80,labore in ex et explicabo corporis aut quas,"ex quod dolorem ea eum iure qui provident amet
qui",8
81,tempora rem veritatis voluptas quo dolores vero,facere qui nesciunt est voluptatum voluptatem nisi,9
82,laudantium voluptate suscipit sunt enim enim,"ut libero sit aut totam inventore sunt
porro sint ",9
83,odit et voluptates doloribus alias odio et,est molestiae facilis quis tempora numquam nihil q,9
84,optio ipsam molestias necessitatibus occaecati facilis veritatis dolores aut,"sint molestiae magni a et quos
eaque et quasi
ut r",9
85,dolore veritatis porro provident adipisci blanditiis et sunt,"similique sed nisi voluptas iusto omnis
mollitia e",9
86,placeat quia et porro iste,quasi excepturi consequatur iste autem temporibus ,9
87,nostrum quis quasi placeat,"eos et molestiae
nesciunt ut a
dolores perspiciati",9
88,sapiente omnis fugit eos,"consequatur omnis est praesentium
ducimus non iste",9
89,sint soluta et vel magnam aut ut sed qui,"repellat aut aperiam totam temporibus autem et
arc",9
90,ad iusto omnis odit dolor voluptatibus,"minus omnis soluta quia
qui sed adipisci voluptate",9
91,aut amet sed,"libero voluptate eveniet aperiam sed
sunt placeat ",10
92,ratione ex tenetur perferendis,aut et excepturi dicta laudantium sint rerum nihil,10
93,beatae soluta recusandae,dolorem quibusdam ducimus consequuntur dicta aut q,10
94,qui qui voluptates illo iste minima,"aspernatur expedita soluta quo ab ut similique
exp",10
95,id minus libero illum nam ad officiis,earum voluptatem facere provident blanditiis velit,10
96,quaerat velit veniam amet cupiditate aut numquam ut sequi,"in non odio excepturi sint eum
labore voluptates v",10
97,quas fugiat ut perspiciatis vero provident,eum non blanditiis soluta porro quibusdam voluptas,10
98,laboriosam dolor voluptates,"doloremque ex facilis sit sint culpa
soluta assume",10
99,temporibus sit alias delectus eligendi possimus magni,"quo deleniti praesentium dicta non quod
aut est mo",10
100,at nam consequatur ea labore ea harum,"cupiditate quo est a modi nesciunt soluta
ipsa vol",10
